epoch,time,train/box_loss,train/cls_loss,train/dfl_loss,metrics/precision(B),metrics/recall(B),metrics/mAP50(B),metrics/mAP50-95(B),val/box_loss,val/cls_loss,val/dfl_loss,lr/pg0,lr/pg1,lr/pg2
1,14.3114,0.65827,3.8848,0.8804,0.00306,1,0.65154,0.38356,0.95079,3.94103,0.90209,0.0005,0.0005,0.0005
2,18.2152,1.11754,2.58596,0.91563,1,0.77316,0.83256,0.56263,0.93804,3.69515,0.88629,0.00115512,0.00115512,0.00115512
3,21.9271,0.86093,2.39077,0.90673,0.00488,0.90909,0.82963,0.50968,0.87131,3.63067,0.87925,0.00179703,0.00179703,0.00179703
4,25.4217,0.96736,2.43428,0.97629,0.00306,1,0.67086,0.44164,0.72444,3.84249,0.9148,0.0019406,0.0019406,0.0019406
5,28.943,0.83928,2.06616,0.97008,0.00306,1,0.10843,0.07292,0.75069,3.90383,0.95879,0.0019208,0.0019208,0.0019208
6,32.3321,0.89521,2.09784,0.96153,0.00306,1,0.0072,0.00463,1.00905,4.28506,1.18066,0.001901,0.001901,0.001901
7,35.9246,0.86103,2.43214,0.89004,0.00306,1,0.02641,0.0177,1.08535,4.26372,1.22689,0.0018812,0.0018812,0.0018812
8,39.4113,0.80735,2.06128,0.90079,0.0025,0.81818,0.00322,0.00194,1.14148,4.64072,1.23003,0.0018614,0.0018614,0.0018614
9,42.7644,0.79518,1.79454,0.8956,0.0025,0.81818,0.02334,0.00666,1.17666,4.63195,1.24202,0.0018416,0.0018416,0.0018416
10,46.217,0.76999,1.65658,0.89842,0.00306,1,0.08927,0.04294,1.08203,4.19765,1.1858,0.0018218,0.0018218,0.0018218
11,49.6279,0.73724,1.5845,0.88375,0.00306,1,0.03831,0.02629,0.77975,3.79123,1.00472,0.001802,0.001802,0.001802
12,53.0175,0.78952,1.51905,0.92187,0.08528,0.63636,0.07819,0.06872,0.55646,3.51653,0.9165,0.0017822,0.0017822,0.0017822
13,56.5495,0.71971,1.76261,0.88157,0.14396,0.18182,0.10082,0.08493,0.67372,3.37895,0.96266,0.0017624,0.0017624,0.0017624
14,60.3026,0.78521,1.39739,0.92039,0.53476,0.21342,0.44521,0.30581,0.74126,3.18273,0.97738,0.0017426,0.0017426,0.0017426
15,63.9939,0.74977,1.4868,0.89394,0.11539,0.36364,0.12285,0.09016,0.65477,3.16294,0.93655,0.0017228,0.0017228,0.0017228
16,67.4516,0.76819,1.35605,0.86951,0.04466,0.36364,0.03703,0.03107,0.59347,3.72791,0.90938,0.001703,0.001703,0.001703
17,70.9426,0.66089,1.26492,0.91892,0.28781,0.18395,0.25942,0.22957,0.58915,3.21993,0.90659,0.0016832,0.0016832,0.0016832
18,74.5737,0.681,1.18141,0.93285,0.90751,0.36364,0.59139,0.52106,0.57246,3.05425,0.90842,0.0016634,0.0016634,0.0016634
19,78.002,0.64819,1.25131,0.88813,1,0.48044,0.7056,0.59585,0.55181,2.87527,0.90883,0.0016436,0.0016436,0.0016436
20,81.6621,0.6238,1.23069,0.86394,0.78894,0.63636,0.78299,0.60563,0.65392,2.78482,0.93624,0.0016238,0.0016238,0.0016238
21,85.092,0.63459,1.09291,0.86647,0.8817,0.81818,0.82337,0.65897,0.64668,2.28393,0.94135,0.001604,0.001604,0.001604
22,88.4276,0.6496,1.05043,0.91273,1,0.89837,0.995,0.8492,0.56664,1.8745,0.92454,0.0015842,0.0015842,0.0015842
23,91.7925,0.48731,1.11805,0.8254,0.98663,1,0.995,0.86935,0.53327,1.77412,0.89944,0.0015644,0.0015644,0.0015644
24,95.1597,0.58332,1.28227,0.87538,1,0.90214,0.995,0.87087,0.53086,1.9697,0.89143,0.0015446,0.0015446,0.0015446
25,98.4574,0.55989,1.10793,0.80915,1,0.99264,0.995,0.8551,0.56449,1.43693,0.89219,0.0015248,0.0015248,0.0015248
26,101.842,0.59134,1.04355,0.88071,1,0.99971,0.995,0.86725,0.53799,1.14884,0.88743,0.001505,0.001505,0.001505
27,105.23,0.68529,1.39341,0.91246,0.99501,1,0.995,0.86508,0.50372,1.13799,0.87003,0.0014852,0.0014852,0.0014852
28,108.528,0.62971,1.0347,0.8417,0.9914,1,0.995,0.90024,0.52328,1.20898,0.86737,0.0014654,0.0014654,0.0014654
29,111.89,0.66969,1.01975,0.92899,0.99134,1,0.995,0.8526,0.53855,1.25141,0.87457,0.0014456,0.0014456,0.0014456
30,115.392,0.59876,0.95415,0.86494,0.99187,1,0.995,0.887,0.50207,1.2173,0.87156,0.0014258,0.0014258,0.0014258
31,118.726,0.60757,1.10506,0.85619,0.99312,1,0.995,0.92086,0.47807,1.16732,0.86354,0.001406,0.001406,0.001406
32,122.297,0.60441,0.88921,0.87391,0.99474,1,0.995,0.91082,0.44887,1.07756,0.86159,0.0013862,0.0013862,0.0013862
33,125.77,0.5418,0.85762,0.8271,0.99466,1,0.995,0.929,0.41449,0.95128,0.85623,0.0013664,0.0013664,0.0013664
34,129.242,0.54067,0.78224,0.84364,0.99539,1,0.995,0.93583,0.38872,0.88408,0.84952,0.0013466,0.0013466,0.0013466
35,132.695,0.55574,0.95683,0.86307,0.99492,1,0.995,0.92709,0.40333,0.87811,0.84526,0.0013268,0.0013268,0.0013268
36,136.093,0.55624,0.96034,0.82548,0.99498,1,0.995,0.90377,0.45917,0.98229,0.85121,0.001307,0.001307,0.001307
37,139.557,0.50778,0.88686,0.85575,0.99436,1,0.995,0.90655,0.47167,1.08155,0.85783,0.0012872,0.0012872,0.0012872
38,142.933,0.61991,0.91493,0.85634,0.99533,1,0.995,0.91365,0.44543,1.04056,0.85779,0.0012674,0.0012674,0.0012674
39,146.317,0.52065,0.84654,0.85825,0.99681,1,0.995,0.92545,0.43848,1.06256,0.85081,0.0012476,0.0012476,0.0012476
40,149.671,0.52199,0.72995,0.83994,0.99685,1,0.995,0.91591,0.46866,0.97392,0.85766,0.0012278,0.0012278,0.0012278
41,152.968,0.48409,0.84972,0.85936,0.99724,1,0.995,0.923,0.47136,0.88204,0.85552,0.001208,0.001208,0.001208
42,156.388,0.44012,0.72444,0.81905,0.99758,1,0.995,0.92818,0.45127,0.86053,0.85356,0.0011882,0.0011882,0.0011882
43,159.753,0.53601,0.80171,0.88791,0.99694,1,0.995,0.92734,0.4376,0.84776,0.85185,0.0011684,0.0011684,0.0011684
44,163.051,0.43665,0.78344,0.79662,0.99441,1,0.995,0.91201,0.44651,0.84239,0.8522,0.0011486,0.0011486,0.0011486
45,166.493,0.43223,0.80123,0.8044,0.99545,1,0.995,0.92853,0.4479,0.81856,0.85156,0.0011288,0.0011288,0.0011288
46,169.805,0.44638,0.74078,0.85796,0.99547,1,0.995,0.93071,0.45116,0.7807,0.85391,0.001109,0.001109,0.001109
47,173.317,0.44523,0.72172,0.83939,0.99537,1,0.995,0.94693,0.44043,0.73986,0.84995,0.0010892,0.0010892,0.0010892
48,176.695,0.42859,0.68372,0.82851,0.99538,1,0.995,0.94475,0.41558,0.70816,0.84663,0.0010694,0.0010694,0.0010694
49,180.099,0.42426,0.62302,0.82255,0.9948,1,0.995,0.948,0.40444,0.7026,0.84788,0.0010496,0.0010496,0.0010496
50,183.449,0.40555,0.61452,0.82244,0.99498,1,0.995,0.91875,0.39577,0.71813,0.84414,0.0010298,0.0010298,0.0010298
51,186.899,0.60604,0.88721,0.82501,0.99518,1,0.995,0.94069,0.38673,0.68049,0.84214,0.00101,0.00101,0.00101
52,190.341,0.4484,0.65688,0.82943,0.9952,1,0.995,0.93828,0.36992,0.67055,0.84117,0.0009902,0.0009902,0.0009902
53,193.825,0.41379,0.61896,0.84022,0.99535,1,0.995,0.94871,0.34758,0.6585,0.83723,0.0009704,0.0009704,0.0009704
54,197.284,0.42643,0.63774,0.79732,0.99513,1,0.995,0.98355,0.31494,0.65256,0.83239,0.0009506,0.0009506,0.0009506
55,200.77,0.48614,0.65815,0.82943,0.9951,1,0.995,0.94987,0.3122,0.66355,0.83388,0.0009308,0.0009308,0.0009308
56,204.093,0.47605,0.62092,0.84228,0.99502,1,0.995,0.94221,0.33751,0.67786,0.83751,0.000911,0.000911,0.000911
57,207.425,0.41033,0.66427,0.81933,0.99513,1,0.995,0.92546,0.35674,0.66044,0.84074,0.0008912,0.0008912,0.0008912
58,210.762,0.44271,0.65547,0.81155,0.9951,1,0.995,0.93183,0.35737,0.66004,0.83931,0.0008714,0.0008714,0.0008714
59,214.089,0.45912,0.65553,0.84434,0.99502,1,0.995,0.986,0.34152,0.67244,0.83855,0.0008516,0.0008516,0.0008516
60,217.457,0.44282,0.66379,0.81828,0.99519,1,0.995,0.9457,0.35117,0.62456,0.84235,0.0008318,0.0008318,0.0008318
61,220.994,0.4903,0.6387,0.85144,0.99533,1,0.995,0.92014,0.35667,0.61103,0.84368,0.000812,0.000812,0.000812
62,224.345,0.46655,0.5922,0.81634,0.99532,1,0.995,0.949,0.35585,0.5875,0.83943,0.0007922,0.0007922,0.0007922
63,227.69,0.39526,0.58673,0.8047,0.99536,1,0.995,0.94325,0.34559,0.57095,0.83686,0.0007724,0.0007724,0.0007724
64,231.077,0.45951,0.63196,0.86268,0.99527,1,0.995,0.9482,0.33375,0.58679,0.83501,0.0007526,0.0007526,0.0007526
65,234.577,0.37127,0.55538,0.80031,0.99519,1,0.995,0.94743,0.3375,0.57936,0.83338,0.0007328,0.0007328,0.0007328
66,237.875,0.36076,0.58117,0.8114,0.99524,1,0.995,0.95784,0.32576,0.57272,0.83045,0.000713,0.000713,0.000713
67,241.223,0.37704,0.55907,0.81708,0.99521,1,0.995,0.95048,0.29449,0.57104,0.82696,0.0006932,0.0006932,0.0006932
68,244.738,0.34419,0.52727,0.78078,0.9952,1,0.995,0.94943,0.29454,0.55278,0.82479,0.0006734,0.0006734,0.0006734
69,248.15,0.43114,0.55834,0.83153,0.99515,1,0.995,0.95573,0.30747,0.55859,0.82523,0.0006536,0.0006536,0.0006536
70,251.588,0.38622,0.60541,0.81879,0.99523,1,0.995,0.9681,0.31784,0.56632,0.82753,0.0006338,0.0006338,0.0006338
71,255.24,0.35208,0.5413,0.84215,0.9952,1,0.995,0.95992,0.32222,0.56256,0.83066,0.000614,0.000614,0.000614
72,258.634,0.3337,0.55096,0.79675,0.99533,1,0.995,0.97373,0.3233,0.55468,0.83237,0.0005942,0.0005942,0.0005942
73,261.952,0.40014,0.52762,0.83697,0.99534,1,0.995,0.95016,0.31609,0.53352,0.83226,0.0005744,0.0005744,0.0005744
74,265.342,0.44266,0.59218,0.82194,0.99542,1,0.995,0.94673,0.29935,0.54598,0.83157,0.0005546,0.0005546,0.0005546
75,268.642,0.37956,0.57894,0.81319,0.99539,1,0.995,0.95326,0.30278,0.55755,0.83444,0.0005348,0.0005348,0.0005348
76,272.029,0.37726,0.55302,0.83693,0.99531,1,0.995,0.93945,0.30245,0.55524,0.83692,0.000515,0.000515,0.000515
77,275.495,0.35405,0.52967,0.80721,0.99538,1,0.995,0.95143,0.29326,0.53574,0.83625,0.0004952,0.0004952,0.0004952
78,278.756,0.33103,0.51239,0.81227,0.9953,1,0.995,0.95143,0.28606,0.51519,0.83441,0.0004754,0.0004754,0.0004754
79,282.074,0.31304,0.54958,0.81553,0.99526,1,0.995,0.95761,0.28775,0.49747,0.83157,0.0004556,0.0004556,0.0004556
80,285.48,0.37439,0.52758,0.8265,0.9953,1,0.995,0.9588,0.28644,0.49798,0.8279,0.0004358,0.0004358,0.0004358
81,288.794,0.35069,0.52986,0.8037,0.9953,1,0.995,0.95712,0.27973,0.48965,0.82548,0.000416,0.000416,0.000416
82,292.226,0.34418,0.46482,0.79354,0.99536,1,0.995,0.95555,0.2733,0.4951,0.82484,0.0003962,0.0003962,0.0003962
83,295.565,0.34409,0.4782,0.80518,0.99533,1,0.995,0.95464,0.27186,0.49918,0.82399,0.0003764,0.0003764,0.0003764
84,298.843,0.33314,0.4866,0.83062,0.99534,1,0.995,0.96952,0.27195,0.49286,0.82321,0.0003566,0.0003566,0.0003566
85,302.284,0.31864,0.47396,0.79876,0.99534,1,0.995,0.98109,0.27294,0.48919,0.82492,0.0003368,0.0003368,0.0003368
86,305.593,0.28758,0.49474,0.80498,0.99522,1,0.995,0.98109,0.27006,0.50345,0.82396,0.000317,0.000317,0.000317
87,308.94,0.32476,0.48748,0.78789,0.99525,1,0.995,0.98109,0.27595,0.50854,0.82598,0.0002972,0.0002972,0.0002972
88,312.713,0.34994,0.48254,0.78328,0.99521,1,0.995,0.98109,0.28136,0.52632,0.82799,0.0002774,0.0002774,0.0002774
89,316.382,0.36802,0.52574,0.84947,0.99522,1,0.995,0.98027,0.2822,0.51633,0.8293,0.0002576,0.0002576,0.0002576
